UserName,ShopName,ShopCategory,Product,City,Date
Dipak,DipakWashingtonAle,North American Ale,Cardinal Pale Ale,Washington,14/02/24
Dipak,DipakWashingtonAle,North American Ale,Cardinal Pale Ale,Washington,21/01/24
Dipak,DipakWashingtonAle,North American Ale,Cardinal Pale Ale,Washington,08/03/24
Dipak,DipakWashingtonAle,North American Ale,Cardinal Pale Ale,Washington,28/01/24
Dipak,DipakWashingtonAle,North American Ale,Cardinal Pale Ale,Washington,15/01/24
Dipak,DipakWashingtonAle,North American Ale,Cardinal Pale Ale,Washington,07/03/24
Dipak,DipakWashingtonAle,North American Ale,Cardinal Pale Ale,Washington,05/03/24
Dipak,DipakWashingtonAle,North American Ale,Cardinal Pale Ale,Washington,07/01/24
Dipak,DipakWashingtonAle,North American Ale,Cardinal Pale Ale,Washington,01/03/24
Dipak,DipakWashingtonAle,North American Ale,Cardinal Pale Ale,Washington,15/02/24
Dipak,DipakWashingtonAle,North American Ale,Cardinal Pale Ale,Washington,03/03/24
Dipak,DipakWashingtonAle,North American Ale,Cardinal Pale Ale,Washington,01/03/24
Dipak,DipakWashingtonAle,North American Ale,Cardinal Pale Ale,Washington,05/03/24
Dipak,DipakWashingtonAle,North American Ale,Cardinal Pale Ale,Washington,20/02/24
Dipak,DipakWashingtonAle,North American Ale,Cardinal Pale Ale,Washington,22/01/24
Dipak,DipakWashingtonAle,North American Ale,Cardinal Pale Ale,Washington,30/01/24
Dipak,DipakWashingtonAle,North American Ale,Cardinal Pale Ale,Washington,26/01/24
Dipak,DipakWashingtonAle,North American Ale,Cardinal Pale Ale,Washington,15/01/24
Dipak,DipakWashingtonAle,North American Ale,Cardinal Pale Ale,Washington,29/01/24
Dipak,DipakWashingtonAle,North American Ale,Cardinal Pale Ale,Washington,26/02/24
Dipak,DipakWashingtonAle,North American Ale,Cardinal Pale Ale,Washington,20/01/24
Dipak,DipakWashingtonAle,North American Ale,Cardinal Pale Ale,Washington,16/01/24
Dipak,DipakWashingtonAle,North American Ale,Cardinal Pale Ale,Washington,15/03/24
Dipak,DipakWashingtonAle,North American Ale,Cardinal Pale Ale,Washington,03/03/24
Dipak,DipakWashingtonAle,North American Ale,Cardinal Pale Ale,Washington,11/01/24
Dipak,DipakWashingtonAle,North American Ale,Cardinal Pale Ale,Washington,25/02/24
Dipak,DipakWashingtonAle,North American Ale,Cardinal Pale Ale,Washington,22/01/24
Dipak,DipakWashingtonAle,North American Ale,Cardinal Pale Ale,Washington,19/02/24
Dipak,DipakWashingtonAle,North American Ale,Cardinal Pale Ale,Washington,27/01/24
Dipak,DipakWashingtonAle,North American Ale,Cardinal Pale Ale,Washington,21/01/24
Dipak,DipakWashingtonAle,North American Ale,Cardinal Pale Ale,Washington,24/01/24
Dipak,DipakWashingtonAle,North American Ale,Cardinal Pale Ale,Washington,20/02/24
Dipak,DipakWashingtonAle,North American Ale,Cardinal Pale Ale,Washington,28/01/24
Dipak,DipakWashingtonAle,North American Ale,Cardinal Pale Ale,Washington,07/01/24
Dipak,DipakWashingtonAle,North American Ale,Cardinal Pale Ale,Washington,18/01/24
Dipak,DipakWashingtonAle,North American Ale,Cardinal Pale Ale,Washington,08/02/24
Dipak,DipakWashingtonAle,North American Ale,Cardinal Pale Ale,Washington,18/01/24
Dipak,DipakWashingtonAle,North American Ale,Cardinal Pale Ale,Washington,05/03/24
Dipak,DipakWashingtonAle,North American Ale,Cardinal Pale Ale,Washington,13/02/24
Dipak,DipakWashingtonAle,North American Ale,Cardinal Pale Ale,Washington,21/01/24
Dipak,DipakWashingtonAle,North American Ale,Cardinal Pale Ale,Washington,19/02/24
Dipak,DipakWashingtonAle,North American Ale,Cardinal Pale Ale,Washington,14/02/24
Dipak,DipakWashingtonAle,North American Ale,Cardinal Pale Ale,Washington,10/03/24
Dipak,DipakWashingtonAle,North American Ale,Cardinal Pale Ale,Washington,22/02/24
Dipak,DipakWashingtonAle,North American Ale,Cardinal Pale Ale,Washington,18/02/24
Dipak,DipakWashingtonAle,North American Ale,Cardinal Pale Ale,Washington,03/01/24
Dipak,DipakWashingtonAle,North American Ale,Cardinal Pale Ale,Washington,28/02/24
Dipak,DipakWashingtonAle,North American Ale,Cardinal Pale Ale,Washington,12/03/24
Dipak,DipakWashingtonAle,North American Ale,Cardinal Pale Ale,Washington,07/01/24
Dipak,DipakWashingtonAle,North American Ale,Cardinal Pale Ale,Washington,28/02/24
Dipak,DipakWashingtonAle,North American Ale,Zinnebir,Washington,02/02/24
Dipak,DipakWashingtonAle,North American Ale,Zinnebir,Washington,15/03/24
Dipak,DipakWashingtonAle,North American Ale,Zinnebir,Washington,15/03/24
Dipak,DipakWashingtonAle,North American Ale,Zinnebir,Washington,18/01/24
Dipak,DipakWashingtonAle,North American Ale,Zinnebir,Washington,12/03/24
Dipak,DipakWashingtonAle,North American Ale,Zinnebir,Washington,03/03/24
Dipak,DipakWashingtonAle,North American Ale,Zinnebir,Washington,13/02/24
Dipak,DipakWashingtonAle,North American Ale,Zinnebir,Washington,06/02/24
Dipak,DipakWashingtonAle,North American Ale,Zinnebir,Washington,15/02/24
Dipak,DipakWashingtonAle,North American Ale,Zinnebir,Washington,06/01/24
Dipak,DipakWashingtonAle,North American Ale,Zinnebir,Washington,28/02/24
Dipak,DipakWashingtonAle,North American Ale,Zinnebir,Washington,06/01/24
Dipak,DipakWashingtonAle,North American Ale,Zinnebir,Washington,24/01/24
Dipak,DipakWashingtonAle,North American Ale,Zinnebir,Washington,26/01/24
Dipak,DipakWashingtonAle,North American Ale,Zinnebir,Washington,06/03/24
Dipak,DipakWashingtonAle,North American Ale,Zinnebir,Washington,01/03/24
Dipak,DipakWashingtonAle,North American Ale,Zinnebir,Washington,16/01/24
Dipak,DipakWashingtonAle,North American Ale,Zinnebir,Washington,13/03/24
Dipak,DipakWashingtonAle,North American Ale,Zinnebir,Washington,14/02/24
Dipak,DipakWashingtonAle,North American Ale,Zinnebir,Washington,13/03/24
Dipak,DipakWashingtonAle,North American Ale,Zinnebir,Washington,10/02/24
Dipak,DipakWashingtonAle,North American Ale,Zinnebir,Washington,23/02/24
Dipak,DipakWashingtonAle,North American Ale,Zinnebir,Washington,23/01/24
Dipak,DipakWashingtonAle,North American Ale,Zinnebir,Washington,29/02/24
Dipak,DipakWashingtonAle,North American Ale,Zinnebir,Washington,03/02/24
Dipak,DipakWashingtonAle,North American Ale,Zinnebir,Washington,08/01/24
Dipak,DipakWashingtonAle,North American Ale,Zinnebir,Washington,03/03/24
Dipak,DipakWashingtonAle,North American Ale,Zinnebir,Washington,24/01/24
Dipak,DipakWashingtonAle,North American Ale,Zinnebir,Washington,03/02/24
Dipak,DipakWashingtonAle,North American Ale,Zinnebir,Washington,03/01/24
Dipak,DipakWashingtonAle,North American Ale,Petrus Speciale,Washington,01/01/24
Dipak,DipakWashingtonAle,North American Ale,Petrus Speciale,Washington,18/01/24
Dipak,DipakWashingtonAle,North American Ale,Petrus Speciale,Washington,20/01/24
Dipak,DipakWashingtonAle,North American Ale,Petrus Speciale,Washington,01/01/24
Dipak,DipakWashingtonAle,North American Ale,Petrus Speciale,Washington,25/02/24
Dipak,DipakWashingtonAle,North American Ale,Petrus Speciale,Washington,14/02/24
Dipak,DipakWashingtonAle,North American Ale,Petrus Speciale,Washington,03/02/24
Dipak,DipakWashingtonAle,North American Ale,Petrus Speciale,Washington,22/02/24
Dipak,DipakWashingtonAle,North American Ale,Petrus Speciale,Washington,05/01/24
Dipak,DipakWashingtonAle,North American Ale,Petrus Speciale,Washington,30/01/24
Dipak,DipakWashingtonAle,North American Ale,Harvest Ale,Washington,14/01/24
Dipak,DipakWashingtonAle,North American Ale,Harvest Ale,Washington,09/03/24
Dipak,DipakWashingtonAle,North American Ale,Harvest Ale,Washington,12/03/24
Dipak,DipakWashingtonAle,North American Ale,Harvest Ale,Washington,11/02/24
Dipak,DipakWashingtonAle,North American Ale,Harvest Ale,Washington,21/01/24
Dipak,DipakWashingtonAle,North American Ale,Modern Monks Belgian Blonde,Washington,30/01/24
Dipak,DipakWashingtonAle,North American Ale,Modern Monks Belgian Blonde,Washington,21/01/24
Dipak,DipakWashingtonAle,North American Ale,Modern Monks Belgian Blonde,Washington,23/01/24
Dipak,DipakWashingtonAle,North American Ale,Modern Monks Belgian Blonde,Washington,20/02/24
Dipak,DipakWashingtonAle,North American Ale,Modern Monks Belgian Blonde,Washington,08/03/24
Kaushal,KaushalWashingtonAle,North American Ale,Islander Pale Ale,Washington,20/01/24
Kaushal,KaushalWashingtonAle,North American Ale,Islander Pale Ale,Washington,03/02/24
Kaushal,KaushalWashingtonAle,North American Ale,Islander Pale Ale,Washington,02/01/24
Kaushal,KaushalWashingtonAle,North American Ale,Islander Pale Ale,Washington,08/01/24
Kaushal,KaushalWashingtonAle,North American Ale,Islander Pale Ale,Washington,05/02/24
Kaushal,KaushalWashingtonAle,North American Ale,Islander Pale Ale,Washington,14/02/24
Kaushal,KaushalWashingtonAle,North American Ale,Islander Pale Ale,Washington,28/02/24
Kaushal,KaushalWashingtonAle,North American Ale,Islander Pale Ale,Washington,01/01/24
Kaushal,KaushalWashingtonAle,North American Ale,Islander Pale Ale,Washington,15/03/24
Kaushal,KaushalWashingtonAle,North American Ale,Islander Pale Ale,Washington,19/02/24
Kaushal,KaushalWashingtonAle,North American Ale,Islander Pale Ale,Washington,27/01/24
Kaushal,KaushalWashingtonAle,North American Ale,Islander Pale Ale,Washington,17/01/24
Kaushal,KaushalWashingtonAle,North American Ale,Islander Pale Ale,Washington,03/03/24
Kaushal,KaushalWashingtonAle,North American Ale,Islander Pale Ale,Washington,06/03/24
Kaushal,KaushalWashingtonAle,North American Ale,Islander Pale Ale,Washington,23/01/24
Kaushal,KaushalWashingtonAle,North American Ale,Islander Pale Ale,Washington,15/02/24
Kaushal,KaushalWashingtonAle,North American Ale,Islander Pale Ale,Washington,03/03/24
Kaushal,KaushalWashingtonAle,North American Ale,Islander Pale Ale,Washington,22/01/24
Kaushal,KaushalWashingtonAle,North American Ale,Islander Pale Ale,Washington,22/02/24
Kaushal,KaushalWashingtonAle,North American Ale,Islander Pale Ale,Washington,15/03/24
Kaushal,KaushalWashingtonAle,North American Ale,Islander Pale Ale,Washington,22/01/24
Kaushal,KaushalWashingtonAle,North American Ale,Islander Pale Ale,Washington,13/03/24
Kaushal,KaushalWashingtonAle,North American Ale,Islander Pale Ale,Washington,11/03/24
Kaushal,KaushalWashingtonAle,North American Ale,Islander Pale Ale,Washington,25/02/24
Kaushal,KaushalWashingtonAle,North American Ale,Islander Pale Ale,Washington,27/02/24
Kaushal,KaushalWashingtonAle,North American Ale,Islander Pale Ale,Washington,10/03/24
Kaushal,KaushalWashingtonAle,North American Ale,Islander Pale Ale,Washington,05/01/24
Kaushal,KaushalWashingtonAle,North American Ale,Islander Pale Ale,Washington,05/03/24
Kaushal,KaushalWashingtonAle,North American Ale,Islander Pale Ale,Washington,28/02/24
Kaushal,KaushalWashingtonAle,North American Ale,Islander Pale Ale,Washington,31/01/24
Kaushal,KaushalWashingtonAle,North American Ale,Islander Pale Ale,Washington,04/01/24
Kaushal,KaushalWashingtonAle,North American Ale,Islander Pale Ale,Washington,19/01/24
Kaushal,KaushalWashingtonAle,North American Ale,Islander Pale Ale,Washington,29/01/24
Kaushal,KaushalWashingtonAle,North American Ale,Islander Pale Ale,Washington,25/02/24
Kaushal,KaushalWashingtonAle,North American Ale,Islander Pale Ale,Washington,07/03/24
Kaushal,KaushalWashingtonAle,North American Ale,Islander Pale Ale,Washington,20/01/24
Kaushal,KaushalWashingtonAle,North American Ale,Islander Pale Ale,Washington,15/02/24
Kaushal,KaushalWashingtonAle,North American Ale,Islander Pale Ale,Washington,18/02/24
Kaushal,KaushalWashingtonAle,North American Ale,Islander Pale Ale,Washington,14/01/24
Kaushal,KaushalWashingtonAle,North American Ale,Islander Pale Ale,Washington,12/03/24
Kaushal,KaushalWashingtonAle,North American Ale,Islander Pale Ale,Washington,13/01/24
Kaushal,KaushalWashingtonAle,North American Ale,Islander Pale Ale,Washington,12/02/24
Kaushal,KaushalWashingtonAle,North American Ale,Islander Pale Ale,Washington,08/03/24
Kaushal,KaushalWashingtonAle,North American Ale,Islander Pale Ale,Washington,14/03/24
Kaushal,KaushalWashingtonAle,North American Ale,Islander Pale Ale,Washington,05/01/24
Kaushal,KaushalWashingtonAle,North American Ale,Islander Pale Ale,Washington,15/02/24
Kaushal,KaushalWashingtonAle,North American Ale,Islander Pale Ale,Washington,10/01/24
Kaushal,KaushalWashingtonAle,North American Ale,Islander Pale Ale,Washington,25/02/24
Kaushal,KaushalWashingtonAle,North American Ale,Islander Pale Ale,Washington,01/03/24
Kaushal,KaushalWashingtonAle,North American Ale,Islander Pale Ale,Washington,16/02/24
Kaushal,KaushalWashingtonAle,North American Ale,Cardinal Pale Ale,Washington,01/02/24
Kaushal,KaushalWashingtonAle,North American Ale,Cardinal Pale Ale,Washington,16/01/24
Kaushal,KaushalWashingtonAle,North American Ale,Cardinal Pale Ale,Washington,22/01/24
Kaushal,KaushalWashingtonAle,North American Ale,Cardinal Pale Ale,Washington,11/03/24
Kaushal,KaushalWashingtonAle,North American Ale,Cardinal Pale Ale,Washington,26/01/24
Kaushal,KaushalWashingtonAle,North American Ale,Cardinal Pale Ale,Washington,12/03/24
Kaushal,KaushalWashingtonAle,North American Ale,Cardinal Pale Ale,Washington,10/03/24
Kaushal,KaushalWashingtonAle,North American Ale,Cardinal Pale Ale,Washington,09/01/24
Kaushal,KaushalWashingtonAle,North American Ale,Cardinal Pale Ale,Washington,19/02/24
Kaushal,KaushalWashingtonAle,North American Ale,Cardinal Pale Ale,Washington,25/02/24
Kaushal,KaushalWashingtonAle,North American Ale,Cardinal Pale Ale,Washington,04/03/24
Kaushal,KaushalWashingtonAle,North American Ale,Cardinal Pale Ale,Washington,23/02/24
Kaushal,KaushalWashingtonAle,North American Ale,Cardinal Pale Ale,Washington,05/03/24
Kaushal,KaushalWashingtonAle,North American Ale,Cardinal Pale Ale,Washington,02/03/24
Kaushal,KaushalWashingtonAle,North American Ale,Cardinal Pale Ale,Washington,01/03/24
Kaushal,KaushalWashingtonAle,North American Ale,Cardinal Pale Ale,Washington,21/02/24
Kaushal,KaushalWashingtonAle,North American Ale,Cardinal Pale Ale,Washington,22/01/24
Kaushal,KaushalWashingtonAle,North American Ale,Cardinal Pale Ale,Washington,12/03/24
Kaushal,KaushalWashingtonAle,North American Ale,Cardinal Pale Ale,Washington,02/02/24
Kaushal,KaushalWashingtonAle,North American Ale,Cardinal Pale Ale,Washington,07/01/24
Kaushal,KaushalWashingtonAle,North American Ale,Cardinal Pale Ale,Washington,03/02/24
Kaushal,KaushalWashingtonAle,North American Ale,Cardinal Pale Ale,Washington,05/03/24
Kaushal,KaushalWashingtonAle,North American Ale,Cardinal Pale Ale,Washington,23/02/24
Kaushal,KaushalWashingtonAle,North American Ale,Cardinal Pale Ale,Washington,01/03/24
Kaushal,KaushalWashingtonAle,North American Ale,Cardinal Pale Ale,Washington,01/02/24
Kaushal,KaushalWashingtonAle,North American Ale,Cardinal Pale Ale,Washington,10/01/24
Kaushal,KaushalWashingtonAle,North American Ale,Cardinal Pale Ale,Washington,19/02/24
Kaushal,KaushalWashingtonAle,North American Ale,Cardinal Pale Ale,Washington,25/01/24
Kaushal,KaushalWashingtonAle,North American Ale,Cardinal Pale Ale,Washington,04/03/24
Kaushal,KaushalWashingtonAle,North American Ale,Cardinal Pale Ale,Washington,16/01/24
Kaushal,KaushalWashingtonAle,North American Ale,Petrus Speciale,Washington,11/02/24
Kaushal,KaushalWashingtonAle,North American Ale,Petrus Speciale,Washington,08/02/24
Kaushal,KaushalWashingtonAle,North American Ale,Petrus Speciale,Washington,28/01/24
Kaushal,KaushalWashingtonAle,North American Ale,Petrus Speciale,Washington,02/01/24
Kaushal,KaushalWashingtonAle,North American Ale,Petrus Speciale,Washington,25/01/24
Kaushal,KaushalWashingtonAle,North American Ale,Petrus Speciale,Washington,25/01/24
Kaushal,KaushalWashingtonAle,North American Ale,Petrus Speciale,Washington,30/01/24
Kaushal,KaushalWashingtonAle,North American Ale,Petrus Speciale,Washington,03/02/24
Kaushal,KaushalWashingtonAle,North American Ale,Petrus Speciale,Washington,24/02/24
Kaushal,KaushalWashingtonAle,North American Ale,Petrus Speciale,Washington,14/03/24
Kaushal,KaushalWashingtonAle,North American Ale,Harvest Ale,Washington,01/02/24
Kaushal,KaushalWashingtonAle,North American Ale,Harvest Ale,Washington,22/02/24
Kaushal,KaushalWashingtonAle,North American Ale,Harvest Ale,Washington,26/01/24
Kaushal,KaushalWashingtonAle,North American Ale,Harvest Ale,Washington,27/01/24
Kaushal,KaushalWashingtonAle,North American Ale,Harvest Ale,Washington,13/02/24
Kaushal,KaushalWashingtonAle,North American Ale,Imperial I.P.A,Washington,31/01/24
Kaushal,KaushalWashingtonAle,North American Ale,Imperial I.P.A,Washington,02/01/24
Kaushal,KaushalWashingtonAle,North American Ale,Imperial I.P.A,Washington,06/01/24
Kaushal,KaushalWashingtonAle,North American Ale,Imperial I.P.A,Washington,02/02/24
Kaushal,KaushalWashingtonAle,North American Ale,Imperial I.P.A,Washington,13/03/24
Yogesh,YogeshWashingtonlager,North American Lager,Old Seattle Lager,Washington,21/02/24
Yogesh,YogeshWashingtonlager,North American Lager,Old Seattle Lager,Washington,02/03/24
Yogesh,YogeshWashingtonlager,North American Lager,Old Seattle Lager,Washington,24/01/24
Yogesh,YogeshWashingtonlager,North American Lager,Old Seattle Lager,Washington,25/02/24
Yogesh,YogeshWashingtonlager,North American Lager,Old Seattle Lager,Washington,13/01/24
Yogesh,YogeshWashingtonlager,North American Lager,Old Seattle Lager,Washington,12/02/24
Yogesh,YogeshWashingtonlager,North American Lager,Old Seattle Lager,Washington,08/02/24
Yogesh,YogeshWashingtonlager,North American Lager,Old Seattle Lager,Washington,14/01/24
Yogesh,YogeshWashingtonlager,North American Lager,Old Seattle Lager,Washington,11/01/24
Yogesh,YogeshWashingtonlager,North American Lager,Old Seattle Lager,Washington,02/02/24
Yogesh,YogeshWashingtonlager,North American Lager,Old Seattle Lager,Washington,20/02/24
Yogesh,YogeshWashingtonlager,North American Lager,Old Seattle Lager,Washington,12/03/24
Yogesh,YogeshWashingtonlager,North American Lager,Old Seattle Lager,Washington,20/01/24
Yogesh,YogeshWashingtonlager,North American Lager,Old Seattle Lager,Washington,04/02/24
Yogesh,YogeshWashingtonlager,North American Lager,Old Seattle Lager,Washington,01/03/24
Yogesh,YogeshWashingtonlager,North American Lager,Old Seattle Lager,Washington,25/01/24
Yogesh,YogeshWashingtonlager,North American Lager,Old Seattle Lager,Washington,15/03/24
Yogesh,YogeshWashingtonlager,North American Lager,Old Seattle Lager,Washington,02/01/24
Yogesh,YogeshWashingtonlager,North American Lager,Old Seattle Lager,Washington,27/01/24
Yogesh,YogeshWashingtonlager,North American Lager,Old Seattle Lager,Washington,27/02/24
Yogesh,YogeshWashingtonlager,North American Lager,Old Seattle Lager,Washington,16/01/24
Yogesh,YogeshWashingtonlager,North American Lager,Old Seattle Lager,Washington,09/01/24
Yogesh,YogeshWashingtonlager,North American Lager,Old Seattle Lager,Washington,26/02/24
Yogesh,YogeshWashingtonlager,North American Lager,Old Seattle Lager,Washington,02/02/24
Yogesh,YogeshWashingtonlager,North American Lager,Old Seattle Lager,Washington,20/01/24
Yogesh,YogeshWashingtonlager,North American Lager,Old Seattle Lager,Washington,09/02/24
Yogesh,YogeshWashingtonlager,North American Lager,Old Seattle Lager,Washington,06/03/24
Yogesh,YogeshWashingtonlager,North American Lager,Old Seattle Lager,Washington,07/01/24
Yogesh,YogeshWashingtonlager,North American Lager,Old Seattle Lager,Washington,15/02/24
Yogesh,YogeshWashingtonlager,North American Lager,Old Seattle Lager,Washington,23/02/24
Yogesh,YogeshWashingtonlager,North American Lager,Old Seattle Lager,Washington,06/02/24
Yogesh,YogeshWashingtonlager,North American Lager,Old Seattle Lager,Washington,05/03/24
Yogesh,YogeshWashingtonlager,North American Lager,Old Seattle Lager,Washington,21/02/24
Yogesh,YogeshWashingtonlager,North American Lager,Old Seattle Lager,Washington,08/02/24
Yogesh,YogeshWashingtonlager,North American Lager,Old Seattle Lager,Washington,18/01/24
Yogesh,YogeshWashingtonlager,North American Lager,Old Seattle Lager,Washington,29/01/24
Yogesh,YogeshWashingtonlager,North American Lager,Old Seattle Lager,Washington,23/02/24
Yogesh,YogeshWashingtonlager,North American Lager,Old Seattle Lager,Washington,20/02/24
Yogesh,YogeshWashingtonlager,North American Lager,Old Seattle Lager,Washington,17/01/24
Yogesh,YogeshWashingtonlager,North American Lager,Old Seattle Lager,Washington,06/03/24
Yogesh,YogeshWashingtonlager,North American Lager,Old Seattle Lager,Washington,14/02/24
Yogesh,YogeshWashingtonlager,North American Lager,Old Seattle Lager,Washington,23/02/24
Yogesh,YogeshWashingtonlager,North American Lager,Old Seattle Lager,Washington,10/01/24
Yogesh,YogeshWashingtonlager,North American Lager,Old Seattle Lager,Washington,14/03/24
Yogesh,YogeshWashingtonlager,North American Lager,Old Seattle Lager,Washington,06/01/24
Yogesh,YogeshWashingtonlager,North American Lager,Old Seattle Lager,Washington,07/02/24
Yogesh,YogeshWashingtonlager,North American Lager,Old Seattle Lager,Washington,24/02/24
Yogesh,YogeshWashingtonlager,North American Lager,Old Seattle Lager,Washington,08/02/24
Yogesh,YogeshWashingtonlager,North American Lager,Old Seattle Lager,Washington,06/03/24
Yogesh,YogeshWashingtonlager,North American Lager,Old Seattle Lager,Washington,27/02/24
Yogesh,YogeshWashingtonlager,North American Lager,Clipper Gold Hefeweizen,Washington,10/03/24
Yogesh,YogeshWashingtonlager,North American Lager,Clipper Gold Hefeweizen,Washington,12/03/24
Yogesh,YogeshWashingtonlager,North American Lager,Clipper Gold Hefeweizen,Washington,23/01/24
Yogesh,YogeshWashingtonlager,North American Lager,Clipper Gold Hefeweizen,Washington,09/03/24
Yogesh,YogeshWashingtonlager,North American Lager,Clipper Gold Hefeweizen,Washington,12/02/24
Yogesh,YogeshWashingtonlager,North American Lager,Clipper Gold Hefeweizen,Washington,08/03/24
Yogesh,YogeshWashingtonlager,North American Lager,Clipper Gold Hefeweizen,Washington,15/01/24
Yogesh,YogeshWashingtonlager,North American Lager,Clipper Gold Hefeweizen,Washington,15/01/24
Yogesh,YogeshWashingtonlager,North American Lager,Clipper Gold Hefeweizen,Washington,19/01/24
Yogesh,YogeshWashingtonlager,North American Lager,Clipper Gold Hefeweizen,Washington,10/01/24
Yogesh,YogeshWashingtonlager,North American Lager,Clipper Gold Hefeweizen,Washington,21/02/24
Yogesh,YogeshWashingtonlager,North American Lager,Clipper Gold Hefeweizen,Washington,20/01/24
Yogesh,YogeshWashingtonlager,North American Lager,Clipper Gold Hefeweizen,Washington,13/03/24
Yogesh,YogeshWashingtonlager,North American Lager,Clipper Gold Hefeweizen,Washington,15/02/24
Yogesh,YogeshWashingtonlager,North American Lager,Clipper Gold Hefeweizen,Washington,06/03/24
Yogesh,YogeshWashingtonlager,North American Lager,Clipper Gold Hefeweizen,Washington,01/02/24
Yogesh,YogeshWashingtonlager,North American Lager,Clipper Gold Hefeweizen,Washington,15/03/24
Yogesh,YogeshWashingtonlager,North American Lager,Clipper Gold Hefeweizen,Washington,10/03/24
Yogesh,YogeshWashingtonlager,North American Lager,Clipper Gold Hefeweizen,Washington,02/03/24
Yogesh,YogeshWashingtonlager,North American Lager,Clipper Gold Hefeweizen,Washington,13/03/24
Yogesh,YogeshWashingtonlager,North American Lager,Clipper Gold Hefeweizen,Washington,13/03/24
Yogesh,YogeshWashingtonlager,North American Lager,Clipper Gold Hefeweizen,Washington,06/02/24
Yogesh,YogeshWashingtonlager,North American Lager,Clipper Gold Hefeweizen,Washington,26/01/24
Yogesh,YogeshWashingtonlager,North American Lager,Clipper Gold Hefeweizen,Washington,19/02/24
Yogesh,YogeshWashingtonlager,North American Lager,Clipper Gold Hefeweizen,Washington,15/01/24
Yogesh,YogeshWashingtonlager,North American Lager,Clipper Gold Hefeweizen,Washington,08/03/24
Yogesh,YogeshWashingtonlager,North American Lager,Clipper Gold Hefeweizen,Washington,15/02/24
Yogesh,YogeshWashingtonlager,North American Lager,Clipper Gold Hefeweizen,Washington,02/03/24
Yogesh,YogeshWashingtonlager,North American Lager,Clipper Gold Hefeweizen,Washington,14/02/24
Yogesh,YogeshWashingtonlager,North American Lager,Clipper Gold Hefeweizen,Washington,04/03/24
Yogesh,YogeshWashingtonlager,North American Lager,Foster Child Australian Lager,Washington,12/03/24
Yogesh,YogeshWashingtonlager,North American Lager,Foster Child Australian Lager,Washington,20/02/24
Yogesh,YogeshWashingtonlager,North American Lager,Foster Child Australian Lager,Washington,14/03/24
Yogesh,YogeshWashingtonlager,North American Lager,Foster Child Australian Lager,Washington,05/03/24
Yogesh,YogeshWashingtonlager,North American Lager,Foster Child Australian Lager,Washington,11/02/24
Yogesh,YogeshWashingtonlager,North American Lager,Foster Child Australian Lager,Washington,26/02/24
Yogesh,YogeshWashingtonlager,North American Lager,Foster Child Australian Lager,Washington,03/02/24
Yogesh,YogeshWashingtonlager,North American Lager,Foster Child Australian Lager,Washington,08/03/24
Yogesh,YogeshWashingtonlager,North American Lager,Foster Child Australian Lager,Washington,26/01/24
Yogesh,YogeshWashingtonlager,North American Lager,Foster Child Australian Lager,Washington,05/01/24
Yogesh,YogeshWashingtonlager,North American Lager,Del Rio Lager,Washington,15/01/24
Yogesh,YogeshWashingtonlager,North American Lager,Del Rio Lager,Washington,03/03/24
Yogesh,YogeshWashingtonlager,North American Lager,Del Rio Lager,Washington,15/02/24
Yogesh,YogeshWashingtonlager,North American Lager,Del Rio Lager,Washington,15/01/24
Yogesh,YogeshWashingtonlager,North American Lager,Del Rio Lager,Washington,29/01/24
Yogesh,YogeshWashingtonlager,North American Lager,Blind Pig Dunkelweizen,Washington,09/01/24
Yogesh,YogeshWashingtonlager,North American Lager,Blind Pig Dunkelweizen,Washington,07/02/24
Yogesh,YogeshWashingtonlager,North American Lager,Blind Pig Dunkelweizen,Washington,19/01/24
Yogesh,YogeshWashingtonlager,North American Lager,Blind Pig Dunkelweizen,Washington,04/02/24
Yogesh,YogeshWashingtonlager,North American Lager,Blind Pig Dunkelweizen,Washington,06/01/24
Shreyash,ShreyashWashingtonlager,North American Lager,Krystal Weizen,Washington,05/02/24
Shreyash,ShreyashWashingtonlager,North American Lager,Krystal Weizen,Washington,03/01/24
Shreyash,ShreyashWashingtonlager,North American Lager,Krystal Weizen,Washington,14/02/24
Shreyash,ShreyashWashingtonlager,North American Lager,Krystal Weizen,Washington,06/02/24
Shreyash,ShreyashWashingtonlager,North American Lager,Krystal Weizen,Washington,14/03/24
Shreyash,ShreyashWashingtonlager,North American Lager,Krystal Weizen,Washington,30/01/24
Shreyash,ShreyashWashingtonlager,North American Lager,Krystal Weizen,Washington,16/01/24
Shreyash,ShreyashWashingtonlager,North American Lager,Krystal Weizen,Washington,12/02/24
Shreyash,ShreyashWashingtonlager,North American Lager,Krystal Weizen,Washington,09/01/24
Shreyash,ShreyashWashingtonlager,North American Lager,Krystal Weizen,Washington,12/02/24
Shreyash,ShreyashWashingtonlager,North American Lager,Krystal Weizen,Washington,13/01/24
Shreyash,ShreyashWashingtonlager,North American Lager,Krystal Weizen,Washington,18/02/24
Shreyash,ShreyashWashingtonlager,North American Lager,Krystal Weizen,Washington,16/02/24
Shreyash,ShreyashWashingtonlager,North American Lager,Krystal Weizen,Washington,10/02/24
Shreyash,ShreyashWashingtonlager,North American Lager,Krystal Weizen,Washington,01/03/24
Shreyash,ShreyashWashingtonlager,North American Lager,Krystal Weizen,Washington,01/01/24
Shreyash,ShreyashWashingtonlager,North American Lager,Krystal Weizen,Washington,19/01/24
Shreyash,ShreyashWashingtonlager,North American Lager,Krystal Weizen,Washington,24/01/24
Shreyash,ShreyashWashingtonlager,North American Lager,Krystal Weizen,Washington,31/01/24
Shreyash,ShreyashWashingtonlager,North American Lager,Krystal Weizen,Washington,18/02/24
Shreyash,ShreyashWashingtonlager,North American Lager,Krystal Weizen,Washington,11/02/24
Shreyash,ShreyashWashingtonlager,North American Lager,Krystal Weizen,Washington,04/03/24
Shreyash,ShreyashWashingtonlager,North American Lager,Krystal Weizen,Washington,18/02/24
Shreyash,ShreyashWashingtonlager,North American Lager,Krystal Weizen,Washington,06/03/24
Shreyash,ShreyashWashingtonlager,North American Lager,Krystal Weizen,Washington,30/01/24
Shreyash,ShreyashWashingtonlager,North American Lager,Krystal Weizen,Washington,27/01/24
Shreyash,ShreyashWashingtonlager,North American Lager,Krystal Weizen,Washington,04/03/24
Shreyash,ShreyashWashingtonlager,North American Lager,Krystal Weizen,Washington,29/01/24
Shreyash,ShreyashWashingtonlager,North American Lager,Krystal Weizen,Washington,16/01/24
Shreyash,ShreyashWashingtonlager,North American Lager,Krystal Weizen,Washington,16/02/24
Shreyash,ShreyashWashingtonlager,North American Lager,Krystal Weizen,Washington,17/01/24
Shreyash,ShreyashWashingtonlager,North American Lager,Krystal Weizen,Washington,14/03/24
Shreyash,ShreyashWashingtonlager,North American Lager,Krystal Weizen,Washington,06/01/24
Shreyash,ShreyashWashingtonlager,North American Lager,Krystal Weizen,Washington,23/01/24
Shreyash,ShreyashWashingtonlager,North American Lager,Krystal Weizen,Washington,15/01/24
Shreyash,ShreyashWashingtonlager,North American Lager,Krystal Weizen,Washington,05/02/24
Shreyash,ShreyashWashingtonlager,North American Lager,Krystal Weizen,Washington,30/01/24
Shreyash,ShreyashWashingtonlager,North American Lager,Krystal Weizen,Washington,28/01/24
Shreyash,ShreyashWashingtonlager,North American Lager,Krystal Weizen,Washington,09/01/24
Shreyash,ShreyashWashingtonlager,North American Lager,Krystal Weizen,Washington,14/01/24
Shreyash,ShreyashWashingtonlager,North American Lager,Krystal Weizen,Washington,17/02/24
Shreyash,ShreyashWashingtonlager,North American Lager,Krystal Weizen,Washington,25/02/24
Shreyash,ShreyashWashingtonlager,North American Lager,Krystal Weizen,Washington,06/02/24
Shreyash,ShreyashWashingtonlager,North American Lager,Krystal Weizen,Washington,28/02/24
Shreyash,ShreyashWashingtonlager,North American Lager,Krystal Weizen,Washington,06/02/24
Shreyash,ShreyashWashingtonlager,North American Lager,Krystal Weizen,Washington,15/03/24
Shreyash,ShreyashWashingtonlager,North American Lager,Krystal Weizen,Washington,01/03/24
Shreyash,ShreyashWashingtonlager,North American Lager,Krystal Weizen,Washington,06/03/24
Shreyash,ShreyashWashingtonlager,North American Lager,Krystal Weizen,Washington,27/02/24
Shreyash,ShreyashWashingtonlager,North American Lager,Krystal Weizen,Washington,21/01/24
Shreyash,ShreyashWashingtonlager,North American Lager,Old Seattle Lager,Washington,15/01/24
Shreyash,ShreyashWashingtonlager,North American Lager,Old Seattle Lager,Washington,07/02/24
Shreyash,ShreyashWashingtonlager,North American Lager,Old Seattle Lager,Washington,01/02/24
Shreyash,ShreyashWashingtonlager,North American Lager,Old Seattle Lager,Washington,22/01/24
Shreyash,ShreyashWashingtonlager,North American Lager,Old Seattle Lager,Washington,04/01/24
Shreyash,ShreyashWashingtonlager,North American Lager,Old Seattle Lager,Washington,30/01/24
Shreyash,ShreyashWashingtonlager,North American Lager,Old Seattle Lager,Washington,06/01/24
Shreyash,ShreyashWashingtonlager,North American Lager,Old Seattle Lager,Washington,28/02/24
Shreyash,ShreyashWashingtonlager,North American Lager,Old Seattle Lager,Washington,23/01/24
Shreyash,ShreyashWashingtonlager,North American Lager,Old Seattle Lager,Washington,08/01/24
Shreyash,ShreyashWashingtonlager,North American Lager,Old Seattle Lager,Washington,26/01/24
Shreyash,ShreyashWashingtonlager,North American Lager,Old Seattle Lager,Washington,09/03/24
Shreyash,ShreyashWashingtonlager,North American Lager,Old Seattle Lager,Washington,01/02/24
Shreyash,ShreyashWashingtonlager,North American Lager,Old Seattle Lager,Washington,05/03/24
Shreyash,ShreyashWashingtonlager,North American Lager,Old Seattle Lager,Washington,12/02/24
Shreyash,ShreyashWashingtonlager,North American Lager,Old Seattle Lager,Washington,29/02/24
Shreyash,ShreyashWashingtonlager,North American Lager,Old Seattle Lager,Washington,24/01/24
Shreyash,ShreyashWashingtonlager,North American Lager,Old Seattle Lager,Washington,18/02/24
Shreyash,ShreyashWashingtonlager,North American Lager,Old Seattle Lager,Washington,03/01/24
Shreyash,ShreyashWashingtonlager,North American Lager,Old Seattle Lager,Washington,01/02/24
Shreyash,ShreyashWashingtonlager,North American Lager,Old Seattle Lager,Washington,25/01/24
Shreyash,ShreyashWashingtonlager,North American Lager,Old Seattle Lager,Washington,31/01/24
Shreyash,ShreyashWashingtonlager,North American Lager,Old Seattle Lager,Washington,19/02/24
Shreyash,ShreyashWashingtonlager,North American Lager,Old Seattle Lager,Washington,16/02/24
Shreyash,ShreyashWashingtonlager,North American Lager,Old Seattle Lager,Washington,22/02/24
Shreyash,ShreyashWashingtonlager,North American Lager,Old Seattle Lager,Washington,29/01/24
Shreyash,ShreyashWashingtonlager,North American Lager,Old Seattle Lager,Washington,02/02/24
Shreyash,ShreyashWashingtonlager,North American Lager,Old Seattle Lager,Washington,06/01/24
Shreyash,ShreyashWashingtonlager,North American Lager,Old Seattle Lager,Washington,02/02/24
Shreyash,ShreyashWashingtonlager,North American Lager,Old Seattle Lager,Washington,01/02/24
Shreyash,ShreyashWashingtonlager,North American Lager,Foster Child Australian Lager,Washington,28/01/24
Shreyash,ShreyashWashingtonlager,North American Lager,Foster Child Australian Lager,Washington,13/03/24
Shreyash,ShreyashWashingtonlager,North American Lager,Foster Child Australian Lager,Washington,06/01/24
Shreyash,ShreyashWashingtonlager,North American Lager,Foster Child Australian Lager,Washington,05/03/24
Shreyash,ShreyashWashingtonlager,North American Lager,Foster Child Australian Lager,Washington,31/01/24
Shreyash,ShreyashWashingtonlager,North American Lager,Foster Child Australian Lager,Washington,26/01/24
Shreyash,ShreyashWashingtonlager,North American Lager,Foster Child Australian Lager,Washington,07/02/24
Shreyash,ShreyashWashingtonlager,North American Lager,Foster Child Australian Lager,Washington,09/03/24
Shreyash,ShreyashWashingtonlager,North American Lager,Foster Child Australian Lager,Washington,04/01/24
Shreyash,ShreyashWashingtonlager,North American Lager,Foster Child Australian Lager,Washington,15/01/24
Shreyash,ShreyashWashingtonlager,North American Lager,Del Rio Lager,Washington,06/02/24
Shreyash,ShreyashWashingtonlager,North American Lager,Del Rio Lager,Washington,06/03/24
Shreyash,ShreyashWashingtonlager,North American Lager,Del Rio Lager,Washington,04/03/24
Shreyash,ShreyashWashingtonlager,North American Lager,Del Rio Lager,Washington,02/02/24
Shreyash,ShreyashWashingtonlager,North American Lager,Del Rio Lager,Washington,04/02/24
Shreyash,ShreyashWashingtonlager,North American Lager,Blind Pig Dunkelweizen,Washington,05/01/24
Shreyash,ShreyashWashingtonlager,North American Lager,Blind Pig Dunkelweizen,Washington,27/01/24
Shreyash,ShreyashWashingtonlager,North American Lager,Blind Pig Dunkelweizen,Washington,06/02/24
Shreyash,ShreyashWashingtonlager,North American Lager,Blind Pig Dunkelweizen,Washington,12/02/24
Shreyash,ShreyashWashingtonlager,North American Lager,Blind Pig Dunkelweizen,Washington,09/02/24
Dipak,DipakNewyorkIrishAle,Irish Ale,Ironhead Porter Old No. 3,New York,12/01/24
Dipak,DipakNewyorkIrishAle,Irish Ale,Ironhead Porter Old No. 3,New York,08/02/24
Dipak,DipakNewyorkIrishAle,Irish Ale,Ironhead Porter Old No. 3,New York,06/03/24
Dipak,DipakNewyorkIrishAle,Irish Ale,Ironhead Porter Old No. 3,New York,08/03/24
Dipak,DipakNewyorkIrishAle,Irish Ale,Ironhead Porter Old No. 3,New York,12/01/24
Dipak,DipakNewyorkIrishAle,Irish Ale,Ironhead Porter Old No. 3,New York,22/02/24
Dipak,DipakNewyorkIrishAle,Irish Ale,Ironhead Porter Old No. 3,New York,05/02/24
Dipak,DipakNewyorkIrishAle,Irish Ale,Ironhead Porter Old No. 3,New York,12/02/24
Dipak,DipakNewyorkIrishAle,Irish Ale,Ironhead Porter Old No. 3,New York,06/01/24
Dipak,DipakNewyorkIrishAle,Irish Ale,Ironhead Porter Old No. 3,New York,01/02/24
Dipak,DipakNewyorkIrishAle,Irish Ale,Ironhead Porter Old No. 3,New York,16/01/24
Dipak,DipakNewyorkIrishAle,Irish Ale,Ironhead Porter Old No. 3,New York,23/02/24
Dipak,DipakNewyorkIrishAle,Irish Ale,Ironhead Porter Old No. 3,New York,28/01/24
Dipak,DipakNewyorkIrishAle,Irish Ale,Ironhead Porter Old No. 3,New York,10/01/24
Dipak,DipakNewyorkIrishAle,Irish Ale,Ironhead Porter Old No. 3,New York,05/01/24
Dipak,DipakNewyorkIrishAle,Irish Ale,Ironhead Porter Old No. 3,New York,10/02/24
Dipak,DipakNewyorkIrishAle,Irish Ale,Ironhead Porter Old No. 3,New York,14/01/24
Dipak,DipakNewyorkIrishAle,Irish Ale,Ironhead Porter Old No. 3,New York,01/01/24
Dipak,DipakNewyorkIrishAle,Irish Ale,Ironhead Porter Old No. 3,New York,04/02/24
Dipak,DipakNewyorkIrishAle,Irish Ale,Ironhead Porter Old No. 3,New York,03/01/24
Dipak,DipakNewyorkIrishAle,Irish Ale,Ironhead Porter Old No. 3,New York,06/01/24
Dipak,DipakNewyorkIrishAle,Irish Ale,Ironhead Porter Old No. 3,New York,15/03/24
Dipak,DipakNewyorkIrishAle,Irish Ale,Ironhead Porter Old No. 3,New York,27/01/24
Dipak,DipakNewyorkIrishAle,Irish Ale,Ironhead Porter Old No. 3,New York,05/02/24
Dipak,DipakNewyorkIrishAle,Irish Ale,Ironhead Porter Old No. 3,New York,19/01/24
Dipak,DipakNewyorkIrishAle,Irish Ale,Ironhead Porter Old No. 3,New York,21/02/24
Dipak,DipakNewyorkIrishAle,Irish Ale,Ironhead Porter Old No. 3,New York,24/01/24
Dipak,DipakNewyorkIrishAle,Irish Ale,Ironhead Porter Old No. 3,New York,21/02/24
Dipak,DipakNewyorkIrishAle,Irish Ale,Ironhead Porter Old No. 3,New York,15/01/24
Dipak,DipakNewyorkIrishAle,Irish Ale,Ironhead Porter Old No. 3,New York,04/01/24
Dipak,DipakNewyorkIrishAle,Irish Ale,Ironhead Porter Old No. 3,New York,09/02/24
Dipak,DipakNewyorkIrishAle,Irish Ale,Ironhead Porter Old No. 3,New York,10/02/24
Dipak,DipakNewyorkIrishAle,Irish Ale,Ironhead Porter Old No. 3,New York,02/03/24
Dipak,DipakNewyorkIrishAle,Irish Ale,Ironhead Porter Old No. 3,New York,13/02/24
Dipak,DipakNewyorkIrishAle,Irish Ale,Ironhead Porter Old No. 3,New York,25/01/24
Dipak,DipakNewyorkIrishAle,Irish Ale,Ironhead Porter Old No. 3,New York,14/02/24
Dipak,DipakNewyorkIrishAle,Irish Ale,Ironhead Porter Old No. 3,New York,27/01/24
Dipak,DipakNewyorkIrishAle,Irish Ale,Ironhead Porter Old No. 3,New York,27/01/24
Dipak,DipakNewyorkIrishAle,Irish Ale,Ironhead Porter Old No. 3,New York,12/01/24
Dipak,DipakNewyorkIrishAle,Irish Ale,Ironhead Porter Old No. 3,New York,11/02/24
Dipak,DipakNewyorkIrishAle,Irish Ale,Ironhead Porter Old No. 3,New York,21/02/24
Dipak,DipakNewyorkIrishAle,Irish Ale,Ironhead Porter Old No. 3,New York,23/01/24
Dipak,DipakNewyorkIrishAle,Irish Ale,Ironhead Porter Old No. 3,New York,26/02/24
Dipak,DipakNewyorkIrishAle,Irish Ale,Ironhead Porter Old No. 3,New York,16/02/24
Dipak,DipakNewyorkIrishAle,Irish Ale,Ironhead Porter Old No. 3,New York,14/01/24
Dipak,DipakNewyorkIrishAle,Irish Ale,Ironhead Porter Old No. 3,New York,22/01/24
Dipak,DipakNewyorkIrishAle,Irish Ale,Ironhead Porter Old No. 3,New York,17/02/24
Dipak,DipakNewyorkIrishAle,Irish Ale,Ironhead Porter Old No. 3,New York,06/03/24
Dipak,DipakNewyorkIrishAle,Irish Ale,Ironhead Porter Old No. 3,New York,01/02/24
Dipak,DipakNewyorkIrishAle,Irish Ale,Ironhead Porter Old No. 3,New York,16/02/24
Dipak,DipakNewyorkIrishAle,Irish Ale,Dundee Porter,New York,30/01/24
Dipak,DipakNewyorkIrishAle,Irish Ale,Dundee Porter,New York,13/03/24
Dipak,DipakNewyorkIrishAle,Irish Ale,Dundee Porter,New York,03/03/24
Dipak,DipakNewyorkIrishAle,Irish Ale,Dundee Porter,New York,10/01/24
Dipak,DipakNewyorkIrishAle,Irish Ale,Dundee Porter,New York,04/03/24
Dipak,DipakNewyorkIrishAle,Irish Ale,Dundee Porter,New York,29/02/24
Dipak,DipakNewyorkIrishAle,Irish Ale,Dundee Porter,New York,11/02/24
Dipak,DipakNewyorkIrishAle,Irish Ale,Dundee Porter,New York,11/02/24
Dipak,DipakNewyorkIrishAle,Irish Ale,Dundee Porter,New York,01/02/24
Dipak,DipakNewyorkIrishAle,Irish Ale,Dundee Porter,New York,16/01/24
Dipak,DipakNewyorkIrishAle,Irish Ale,Dundee Porter,New York,29/01/24
Dipak,DipakNewyorkIrishAle,Irish Ale,Dundee Porter,New York,17/01/24
Dipak,DipakNewyorkIrishAle,Irish Ale,Dundee Porter,New York,05/03/24
Dipak,DipakNewyorkIrishAle,Irish Ale,Dundee Porter,New York,25/01/24
Dipak,DipakNewyorkIrishAle,Irish Ale,Dundee Porter,New York,01/02/24
Dipak,DipakNewyorkIrishAle,Irish Ale,Dundee Porter,New York,03/03/24
Dipak,DipakNewyorkIrishAle,Irish Ale,Dundee Porter,New York,26/01/24
Dipak,DipakNewyorkIrishAle,Irish Ale,Dundee Porter,New York,23/01/24
Dipak,DipakNewyorkIrishAle,Irish Ale,Dundee Porter,New York,30/01/24
Dipak,DipakNewyorkIrishAle,Irish Ale,Dundee Porter,New York,30/01/24
Dipak,DipakNewyorkIrishAle,Irish Ale,Dundee Porter,New York,06/01/24
Dipak,DipakNewyorkIrishAle,Irish Ale,Dundee Porter,New York,26/02/24
Dipak,DipakNewyorkIrishAle,Irish Ale,Dundee Porter,New York,27/02/24
Dipak,DipakNewyorkIrishAle,Irish Ale,Dundee Porter,New York,10/03/24
Dipak,DipakNewyorkIrishAle,Irish Ale,Dundee Porter,New York,23/02/24
Dipak,DipakNewyorkIrishAle,Irish Ale,Dundee Porter,New York,13/03/24
Dipak,DipakNewyorkIrishAle,Irish Ale,Dundee Porter,New York,15/01/24
Dipak,DipakNewyorkIrishAle,Irish Ale,Dundee Porter,New York,29/02/24
Dipak,DipakNewyorkIrishAle,Irish Ale,Dundee Porter,New York,07/02/24
Dipak,DipakNewyorkIrishAle,Irish Ale,Dundee Porter,New York,17/02/24
Dipak,DipakNewyorkIrishAle,Irish Ale,Not Tonight Honey Porter,New York,06/03/24
Dipak,DipakNewyorkIrishAle,Irish Ale,Not Tonight Honey Porter,New York,09/03/24
Dipak,DipakNewyorkIrishAle,Irish Ale,Not Tonight Honey Porter,New York,29/02/24
Dipak,DipakNewyorkIrishAle,Irish Ale,Not Tonight Honey Porter,New York,09/01/24
Dipak,DipakNewyorkIrishAle,Irish Ale,Not Tonight Honey Porter,New York,12/01/24
Dipak,DipakNewyorkIrishAle,Irish Ale,Not Tonight Honey Porter,New York,19/01/24
Dipak,DipakNewyorkIrishAle,Irish Ale,Not Tonight Honey Porter,New York,07/03/24
Dipak,DipakNewyorkIrishAle,Irish Ale,Not Tonight Honey Porter,New York,12/03/24
Dipak,DipakNewyorkIrishAle,Irish Ale,Not Tonight Honey Porter,New York,16/01/24
Dipak,DipakNewyorkIrishAle,Irish Ale,Not Tonight Honey Porter,New York,18/01/24
Dipak,DipakNewyorkIrishAle,Irish Ale,Raspberry Porter,New York,05/03/24
Dipak,DipakNewyorkIrishAle,Irish Ale,Raspberry Porter,New York,05/02/24
Dipak,DipakNewyorkIrishAle,Irish Ale,Raspberry Porter,New York,15/02/24
Dipak,DipakNewyorkIrishAle,Irish Ale,Raspberry Porter,New York,07/02/24
Dipak,DipakNewyorkIrishAle,Irish Ale,Raspberry Porter,New York,03/02/24
Dipak,DipakNewyorkIrishAle,Irish Ale,Saranac Caramel Porter,New York,03/02/24
Dipak,DipakNewyorkIrishAle,Irish Ale,Saranac Caramel Porter,New York,16/01/24
Dipak,DipakNewyorkIrishAle,Irish Ale,Saranac Caramel Porter,New York,19/01/24
Dipak,DipakNewyorkIrishAle,Irish Ale,Saranac Caramel Porter,New York,24/02/24
Dipak,DipakNewyorkIrishAle,Irish Ale,Saranac Caramel Porter,New York,10/01/24
Kaushal,KaushalNewyorkIrishAle,Irish Ale,Southern Tier Porter,New York,08/03/24
Kaushal,KaushalNewyorkIrishAle,Irish Ale,Southern Tier Porter,New York,29/02/24
Kaushal,KaushalNewyorkIrishAle,Irish Ale,Southern Tier Porter,New York,02/02/24
Kaushal,KaushalNewyorkIrishAle,Irish Ale,Southern Tier Porter,New York,24/02/24
Kaushal,KaushalNewyorkIrishAle,Irish Ale,Southern Tier Porter,New York,05/02/24
Kaushal,KaushalNewyorkIrishAle,Irish Ale,Southern Tier Porter,New York,27/01/24
Kaushal,KaushalNewyorkIrishAle,Irish Ale,Southern Tier Porter,New York,28/02/24
Kaushal,KaushalNewyorkIrishAle,Irish Ale,Southern Tier Porter,New York,13/03/24
Kaushal,KaushalNewyorkIrishAle,Irish Ale,Southern Tier Porter,New York,15/01/24
Kaushal,KaushalNewyorkIrishAle,Irish Ale,Southern Tier Porter,New York,30/01/24
Kaushal,KaushalNewyorkIrishAle,Irish Ale,Southern Tier Porter,New York,03/01/24
Kaushal,KaushalNewyorkIrishAle,Irish Ale,Southern Tier Porter,New York,29/01/24
Kaushal,KaushalNewyorkIrishAle,Irish Ale,Southern Tier Porter,New York,13/02/24
Kaushal,KaushalNewyorkIrishAle,Irish Ale,Southern Tier Porter,New York,04/03/24
Kaushal,KaushalNewyorkIrishAle,Irish Ale,Southern Tier Porter,New York,12/01/24
Kaushal,KaushalNewyorkIrishAle,Irish Ale,Southern Tier Porter,New York,09/01/24
Kaushal,KaushalNewyorkIrishAle,Irish Ale,Southern Tier Porter,New York,19/02/24
Kaushal,KaushalNewyorkIrishAle,Irish Ale,Southern Tier Porter,New York,22/01/24
Kaushal,KaushalNewyorkIrishAle,Irish Ale,Southern Tier Porter,New York,30/01/24
Kaushal,KaushalNewyorkIrishAle,Irish Ale,Southern Tier Porter,New York,11/03/24
Kaushal,KaushalNewyorkIrishAle,Irish Ale,Southern Tier Porter,New York,15/03/24
Kaushal,KaushalNewyorkIrishAle,Irish Ale,Southern Tier Porter,New York,07/03/24
Kaushal,KaushalNewyorkIrishAle,Irish Ale,Southern Tier Porter,New York,05/03/24
Kaushal,KaushalNewyorkIrishAle,Irish Ale,Southern Tier Porter,New York,02/03/24
Kaushal,KaushalNewyorkIrishAle,Irish Ale,Southern Tier Porter,New York,02/02/24
Kaushal,KaushalNewyorkIrishAle,Irish Ale,Southern Tier Porter,New York,27/02/24
Kaushal,KaushalNewyorkIrishAle,Irish Ale,Southern Tier Porter,New York,14/03/24
Kaushal,KaushalNewyorkIrishAle,Irish Ale,Southern Tier Porter,New York,05/03/24
Kaushal,KaushalNewyorkIrishAle,Irish Ale,Southern Tier Porter,New York,12/02/24
Kaushal,KaushalNewyorkIrishAle,Irish Ale,Southern Tier Porter,New York,14/02/24
Kaushal,KaushalNewyorkIrishAle,Irish Ale,Southern Tier Porter,New York,22/02/24
Kaushal,KaushalNewyorkIrishAle,Irish Ale,Southern Tier Porter,New York,02/02/24
Kaushal,KaushalNewyorkIrishAle,Irish Ale,Southern Tier Porter,New York,16/02/24
Kaushal,KaushalNewyorkIrishAle,Irish Ale,Southern Tier Porter,New York,02/03/24
Kaushal,KaushalNewyorkIrishAle,Irish Ale,Southern Tier Porter,New York,22/01/24
Kaushal,KaushalNewyorkIrishAle,Irish Ale,Southern Tier Porter,New York,24/01/24
Kaushal,KaushalNewyorkIrishAle,Irish Ale,Southern Tier Porter,New York,12/02/24
Kaushal,KaushalNewyorkIrishAle,Irish Ale,Southern Tier Porter,New York,25/02/24
Kaushal,KaushalNewyorkIrishAle,Irish Ale,Southern Tier Porter,New York,18/02/24
Kaushal,KaushalNewyorkIrishAle,Irish Ale,Southern Tier Porter,New York,14/01/24
Kaushal,KaushalNewyorkIrishAle,Irish Ale,Southern Tier Porter,New York,14/03/24
Kaushal,KaushalNewyorkIrishAle,Irish Ale,Southern Tier Porter,New York,05/01/24
Kaushal,KaushalNewyorkIrishAle,Irish Ale,Southern Tier Porter,New York,18/02/24
Kaushal,KaushalNewyorkIrishAle,Irish Ale,Southern Tier Porter,New York,02/03/24
Kaushal,KaushalNewyorkIrishAle,Irish Ale,Southern Tier Porter,New York,20/01/24
Kaushal,KaushalNewyorkIrishAle,Irish Ale,Southern Tier Porter,New York,13/02/24
Kaushal,KaushalNewyorkIrishAle,Irish Ale,Southern Tier Porter,New York,26/02/24
Kaushal,KaushalNewyorkIrishAle,Irish Ale,Southern Tier Porter,New York,11/02/24
Kaushal,KaushalNewyorkIrishAle,Irish Ale,Southern Tier Porter,New York,10/02/24
Kaushal,KaushalNewyorkIrishAle,Irish Ale,Southern Tier Porter,New York,05/02/24
Kaushal,KaushalNewyorkIrishAle,Irish Ale,Ironhead Porter Old No. 3,New York,12/03/24
Kaushal,KaushalNewyorkIrishAle,Irish Ale,Ironhead Porter Old No. 3,New York,15/02/24
Kaushal,KaushalNewyorkIrishAle,Irish Ale,Ironhead Porter Old No. 3,New York,29/02/24
Kaushal,KaushalNewyorkIrishAle,Irish Ale,Ironhead Porter Old No. 3,New York,08/02/24
Kaushal,KaushalNewyorkIrishAle,Irish Ale,Ironhead Porter Old No. 3,New York,04/02/24
Kaushal,KaushalNewyorkIrishAle,Irish Ale,Ironhead Porter Old No. 3,New York,18/02/24
Kaushal,KaushalNewyorkIrishAle,Irish Ale,Ironhead Porter Old No. 3,New York,18/02/24
Kaushal,KaushalNewyorkIrishAle,Irish Ale,Ironhead Porter Old No. 3,New York,08/01/24
Kaushal,KaushalNewyorkIrishAle,Irish Ale,Ironhead Porter Old No. 3,New York,27/01/24
Kaushal,KaushalNewyorkIrishAle,Irish Ale,Ironhead Porter Old No. 3,New York,28/01/24
Kaushal,KaushalNewyorkIrishAle,Irish Ale,Ironhead Porter Old No. 3,New York,01/02/24
Kaushal,KaushalNewyorkIrishAle,Irish Ale,Ironhead Porter Old No. 3,New York,28/02/24
Kaushal,KaushalNewyorkIrishAle,Irish Ale,Ironhead Porter Old No. 3,New York,01/01/24
Kaushal,KaushalNewyorkIrishAle,Irish Ale,Ironhead Porter Old No. 3,New York,04/03/24
Kaushal,KaushalNewyorkIrishAle,Irish Ale,Ironhead Porter Old No. 3,New York,13/02/24
Kaushal,KaushalNewyorkIrishAle,Irish Ale,Ironhead Porter Old No. 3,New York,24/01/24
Kaushal,KaushalNewyorkIrishAle,Irish Ale,Ironhead Porter Old No. 3,New York,21/01/24
Kaushal,KaushalNewyorkIrishAle,Irish Ale,Ironhead Porter Old No. 3,New York,29/01/24
Kaushal,KaushalNewyorkIrishAle,Irish Ale,Ironhead Porter Old No. 3,New York,04/02/24
Kaushal,KaushalNewyorkIrishAle,Irish Ale,Ironhead Porter Old No. 3,New York,08/03/24
Kaushal,KaushalNewyorkIrishAle,Irish Ale,Ironhead Porter Old No. 3,New York,23/01/24
Kaushal,KaushalNewyorkIrishAle,Irish Ale,Ironhead Porter Old No. 3,New York,06/03/24
Kaushal,KaushalNewyorkIrishAle,Irish Ale,Ironhead Porter Old No. 3,New York,01/02/24
Kaushal,KaushalNewyorkIrishAle,Irish Ale,Ironhead Porter Old No. 3,New York,27/02/24
Kaushal,KaushalNewyorkIrishAle,Irish Ale,Ironhead Porter Old No. 3,New York,02/02/24
Kaushal,KaushalNewyorkIrishAle,Irish Ale,Ironhead Porter Old No. 3,New York,05/03/24
Kaushal,KaushalNewyorkIrishAle,Irish Ale,Ironhead Porter Old No. 3,New York,20/01/24
Kaushal,KaushalNewyorkIrishAle,Irish Ale,Ironhead Porter Old No. 3,New York,15/02/24
Kaushal,KaushalNewyorkIrishAle,Irish Ale,Ironhead Porter Old No. 3,New York,15/01/24
Kaushal,KaushalNewyorkIrishAle,Irish Ale,Ironhead Porter Old No. 3,New York,19/02/24
Kaushal,KaushalNewyorkIrishAle,Irish Ale,Not Tonight Honey Porter,New York,30/01/24
Kaushal,KaushalNewyorkIrishAle,Irish Ale,Not Tonight Honey Porter,New York,03/01/24
Kaushal,KaushalNewyorkIrishAle,Irish Ale,Not Tonight Honey Porter,New York,02/01/24
Kaushal,KaushalNewyorkIrishAle,Irish Ale,Not Tonight Honey Porter,New York,12/03/24
Kaushal,KaushalNewyorkIrishAle,Irish Ale,Not Tonight Honey Porter,New York,30/01/24
Kaushal,KaushalNewyorkIrishAle,Irish Ale,Not Tonight Honey Porter,New York,07/01/24
Kaushal,KaushalNewyorkIrishAle,Irish Ale,Not Tonight Honey Porter,New York,05/01/24
Kaushal,KaushalNewyorkIrishAle,Irish Ale,Not Tonight Honey Porter,New York,24/01/24
Kaushal,KaushalNewyorkIrishAle,Irish Ale,Not Tonight Honey Porter,New York,17/01/24
Kaushal,KaushalNewyorkIrishAle,Irish Ale,Not Tonight Honey Porter,New York,11/02/24
Kaushal,KaushalNewyorkIrishAle,Irish Ale,Raspberry Porter,New York,09/02/24
Kaushal,KaushalNewyorkIrishAle,Irish Ale,Raspberry Porter,New York,04/03/24
Kaushal,KaushalNewyorkIrishAle,Irish Ale,Raspberry Porter,New York,04/02/24
Kaushal,KaushalNewyorkIrishAle,Irish Ale,Raspberry Porter,New York,13/01/24
Kaushal,KaushalNewyorkIrishAle,Irish Ale,Raspberry Porter,New York,15/01/24
Kaushal,KaushalNewyorkIrishAle,Irish Ale,Saranac Caramel Porter,New York,04/02/24
Kaushal,KaushalNewyorkIrishAle,Irish Ale,Saranac Caramel Porter,New York,01/02/24
Kaushal,KaushalNewyorkIrishAle,Irish Ale,Saranac Caramel Porter,New York,16/02/24
Kaushal,KaushalNewyorkIrishAle,Irish Ale,Saranac Caramel Porter,New York,04/03/24
Kaushal,KaushalNewyorkIrishAle,Irish Ale,Saranac Caramel Porter,New York,07/01/24
Dipak,DipakNewyorklager,North American Lager,Old Seattle Lager,New York,20/02/24
Dipak,DipakNewyorklager,North American Lager,Old Seattle Lager,New York,06/02/24
Dipak,DipakNewyorklager,North American Lager,Old Seattle Lager,New York,11/03/24
Dipak,DipakNewyorklager,North American Lager,Old Seattle Lager,New York,24/01/24
Dipak,DipakNewyorklager,North American Lager,Old Seattle Lager,New York,07/01/24
Dipak,DipakNewyorklager,North American Lager,Old Seattle Lager,New York,12/01/24
Dipak,DipakNewyorklager,North American Lager,Old Seattle Lager,New York,11/01/24
Dipak,DipakNewyorklager,North American Lager,Old Seattle Lager,New York,16/02/24
Dipak,DipakNewyorklager,North American Lager,Old Seattle Lager,New York,06/03/24
Dipak,DipakNewyorklager,North American Lager,Old Seattle Lager,New York,01/03/24
Dipak,DipakNewyorklager,North American Lager,Old Seattle Lager,New York,30/01/24
Dipak,DipakNewyorklager,North American Lager,Old Seattle Lager,New York,14/03/24
Dipak,DipakNewyorklager,North American Lager,Old Seattle Lager,New York,02/03/24
Dipak,DipakNewyorklager,North American Lager,Old Seattle Lager,New York,03/03/24
Dipak,DipakNewyorklager,North American Lager,Old Seattle Lager,New York,14/02/24
Dipak,DipakNewyorklager,North American Lager,Old Seattle Lager,New York,02/03/24
Dipak,DipakNewyorklager,North American Lager,Old Seattle Lager,New York,19/01/24
Dipak,DipakNewyorklager,North American Lager,Old Seattle Lager,New York,28/02/24
Dipak,DipakNewyorklager,North American Lager,Old Seattle Lager,New York,07/03/24
Dipak,DipakNewyorklager,North American Lager,Old Seattle Lager,New York,29/02/24
Dipak,DipakNewyorklager,North American Lager,Old Seattle Lager,New York,26/01/24
Dipak,DipakNewyorklager,North American Lager,Old Seattle Lager,New York,13/03/24
Dipak,DipakNewyorklager,North American Lager,Old Seattle Lager,New York,29/01/24
Dipak,DipakNewyorklager,North American Lager,Old Seattle Lager,New York,24/01/24
Dipak,DipakNewyorklager,North American Lager,Old Seattle Lager,New York,19/01/24
Dipak,DipakNewyorklager,North American Lager,Old Seattle Lager,New York,12/01/24
Dipak,DipakNewyorklager,North American Lager,Old Seattle Lager,New York,14/02/24
Dipak,DipakNewyorklager,North American Lager,Old Seattle Lager,New York,13/02/24
Dipak,DipakNewyorklager,North American Lager,Old Seattle Lager,New York,18/01/24
Dipak,DipakNewyorklager,North American Lager,Old Seattle Lager,New York,20/02/24
Dipak,DipakNewyorklager,North American Lager,Old Seattle Lager,New York,17/01/24
Dipak,DipakNewyorklager,North American Lager,Old Seattle Lager,New York,10/02/24
Dipak,DipakNewyorklager,North American Lager,Old Seattle Lager,New York,05/03/24
Dipak,DipakNewyorklager,North American Lager,Old Seattle Lager,New York,12/01/24
Dipak,DipakNewyorklager,North American Lager,Old Seattle Lager,New York,14/01/24
Dipak,DipakNewyorklager,North American Lager,Old Seattle Lager,New York,29/01/24
Dipak,DipakNewyorklager,North American Lager,Old Seattle Lager,New York,21/02/24
Dipak,DipakNewyorklager,North American Lager,Old Seattle Lager,New York,03/01/24
Dipak,DipakNewyorklager,North American Lager,Old Seattle Lager,New York,15/01/24
Dipak,DipakNewyorklager,North American Lager,Old Seattle Lager,New York,02/02/24
Dipak,DipakNewyorklager,North American Lager,Old Seattle Lager,New York,01/02/24
Dipak,DipakNewyorklager,North American Lager,Old Seattle Lager,New York,01/01/24
Dipak,DipakNewyorklager,North American Lager,Old Seattle Lager,New York,29/01/24
Dipak,DipakNewyorklager,North American Lager,Old Seattle Lager,New York,16/01/24
Dipak,DipakNewyorklager,North American Lager,Old Seattle Lager,New York,15/02/24
Dipak,DipakNewyorklager,North American Lager,Old Seattle Lager,New York,03/03/24
Dipak,DipakNewyorklager,North American Lager,Old Seattle Lager,New York,11/03/24
Dipak,DipakNewyorklager,North American Lager,Old Seattle Lager,New York,13/01/24
Dipak,DipakNewyorklager,North American Lager,Old Seattle Lager,New York,02/03/24
Dipak,DipakNewyorklager,North American Lager,Old Seattle Lager,New York,28/01/24
Dipak,DipakNewyorklager,North American Lager,Clipper Gold Hefeweizen,New York,12/02/24
Dipak,DipakNewyorklager,North American Lager,Clipper Gold Hefeweizen,New York,13/03/24
Dipak,DipakNewyorklager,North American Lager,Clipper Gold Hefeweizen,New York,26/01/24
Dipak,DipakNewyorklager,North American Lager,Clipper Gold Hefeweizen,New York,23/01/24
Dipak,DipakNewyorklager,North American Lager,Clipper Gold Hefeweizen,New York,14/01/24
Dipak,DipakNewyorklager,North American Lager,Clipper Gold Hefeweizen,New York,23/02/24
Dipak,DipakNewyorklager,North American Lager,Clipper Gold Hefeweizen,New York,08/01/24
Dipak,DipakNewyorklager,North American Lager,Clipper Gold Hefeweizen,New York,10/01/24
Dipak,DipakNewyorklager,North American Lager,Clipper Gold Hefeweizen,New York,10/01/24
Dipak,DipakNewyorklager,North American Lager,Clipper Gold Hefeweizen,New York,21/02/24
Dipak,DipakNewyorklager,North American Lager,Clipper Gold Hefeweizen,New York,25/01/24
Dipak,DipakNewyorklager,North American Lager,Clipper Gold Hefeweizen,New York,20/01/24
Dipak,DipakNewyorklager,North American Lager,Clipper Gold Hefeweizen,New York,06/03/24
Dipak,DipakNewyorklager,North American Lager,Clipper Gold Hefeweizen,New York,01/01/24
Dipak,DipakNewyorklager,North American Lager,Clipper Gold Hefeweizen,New York,11/03/24
Dipak,DipakNewyorklager,North American Lager,Clipper Gold Hefeweizen,New York,24/02/24
Dipak,DipakNewyorklager,North American Lager,Clipper Gold Hefeweizen,New York,04/03/24
Dipak,DipakNewyorklager,North American Lager,Clipper Gold Hefeweizen,New York,22/01/24
Dipak,DipakNewyorklager,North American Lager,Clipper Gold Hefeweizen,New York,21/02/24
Dipak,DipakNewyorklager,North American Lager,Clipper Gold Hefeweizen,New York,14/01/24
Dipak,DipakNewyorklager,North American Lager,Clipper Gold Hefeweizen,New York,04/02/24
Dipak,DipakNewyorklager,North American Lager,Clipper Gold Hefeweizen,New York,08/01/24
Dipak,DipakNewyorklager,North American Lager,Clipper Gold Hefeweizen,New York,04/02/24
Dipak,DipakNewyorklager,North American Lager,Clipper Gold Hefeweizen,New York,15/03/24
Dipak,DipakNewyorklager,North American Lager,Clipper Gold Hefeweizen,New York,01/01/24
Dipak,DipakNewyorklager,North American Lager,Clipper Gold Hefeweizen,New York,11/03/24
Dipak,DipakNewyorklager,North American Lager,Clipper Gold Hefeweizen,New York,19/01/24
Dipak,DipakNewyorklager,North American Lager,Clipper Gold Hefeweizen,New York,10/03/24
Dipak,DipakNewyorklager,North American Lager,Clipper Gold Hefeweizen,New York,25/02/24
Dipak,DipakNewyorklager,North American Lager,Clipper Gold Hefeweizen,New York,17/02/24
Dipak,DipakNewyorklager,North American Lager,Foster Child Australian Lager,New York,14/03/24
Dipak,DipakNewyorklager,North American Lager,Foster Child Australian Lager,New York,07/03/24
Dipak,DipakNewyorklager,North American Lager,Foster Child Australian Lager,New York,08/03/24
Dipak,DipakNewyorklager,North American Lager,Foster Child Australian Lager,New York,07/02/24
Dipak,DipakNewyorklager,North American Lager,Foster Child Australian Lager,New York,05/03/24
Dipak,DipakNewyorklager,North American Lager,Foster Child Australian Lager,New York,28/02/24
Dipak,DipakNewyorklager,North American Lager,Foster Child Australian Lager,New York,07/03/24
Dipak,DipakNewyorklager,North American Lager,Foster Child Australian Lager,New York,26/01/24
Dipak,DipakNewyorklager,North American Lager,Foster Child Australian Lager,New York,10/01/24
Dipak,DipakNewyorklager,North American Lager,Foster Child Australian Lager,New York,24/01/24
Dipak,DipakNewyorklager,North American Lager,Del Rio Lager,New York,05/02/24
Dipak,DipakNewyorklager,North American Lager,Del Rio Lager,New York,11/03/24
Dipak,DipakNewyorklager,North American Lager,Del Rio Lager,New York,07/01/24
Dipak,DipakNewyorklager,North American Lager,Del Rio Lager,New York,14/02/24
Dipak,DipakNewyorklager,North American Lager,Del Rio Lager,New York,04/01/24
Dipak,DipakNewyorklager,North American Lager,Blind Pig Dunkelweizen,New York,03/02/24
Dipak,DipakNewyorklager,North American Lager,Blind Pig Dunkelweizen,New York,12/02/24
Dipak,DipakNewyorklager,North American Lager,Blind Pig Dunkelweizen,New York,06/02/24
Dipak,DipakNewyorklager,North American Lager,Blind Pig Dunkelweizen,New York,01/02/24
Dipak,DipakNewyorklager,North American Lager,Blind Pig Dunkelweizen,New York,29/01/24
Shreyash,ShreyashNewyorklager,North American Lager,Krystal Weizen,New York,11/03/24
Shreyash,ShreyashNewyorklager,North American Lager,Krystal Weizen,New York,21/01/24
Shreyash,ShreyashNewyorklager,North American Lager,Krystal Weizen,New York,30/01/24
Shreyash,ShreyashNewyorklager,North American Lager,Krystal Weizen,New York,01/03/24
Shreyash,ShreyashNewyorklager,North American Lager,Krystal Weizen,New York,21/02/24
Shreyash,ShreyashNewyorklager,North American Lager,Krystal Weizen,New York,04/03/24
Shreyash,ShreyashNewyorklager,North American Lager,Krystal Weizen,New York,20/02/24
Shreyash,ShreyashNewyorklager,North American Lager,Krystal Weizen,New York,04/01/24
Shreyash,ShreyashNewyorklager,North American Lager,Krystal Weizen,New York,02/01/24
Shreyash,ShreyashNewyorklager,North American Lager,Krystal Weizen,New York,07/02/24
Shreyash,ShreyashNewyorklager,North American Lager,Krystal Weizen,New York,26/01/24
Shreyash,ShreyashNewyorklager,North American Lager,Krystal Weizen,New York,07/01/24
Shreyash,ShreyashNewyorklager,North American Lager,Krystal Weizen,New York,25/01/24
Shreyash,ShreyashNewyorklager,North American Lager,Krystal Weizen,New York,04/02/24
Shreyash,ShreyashNewyorklager,North American Lager,Krystal Weizen,New York,10/03/24
Shreyash,ShreyashNewyorklager,North American Lager,Krystal Weizen,New York,01/01/24
Shreyash,ShreyashNewyorklager,North American Lager,Krystal Weizen,New York,03/03/24
Shreyash,ShreyashNewyorklager,North American Lager,Krystal Weizen,New York,08/02/24
Shreyash,ShreyashNewyorklager,North American Lager,Krystal Weizen,New York,24/01/24
Shreyash,ShreyashNewyorklager,North American Lager,Krystal Weizen,New York,23/02/24
Shreyash,ShreyashNewyorklager,North American Lager,Krystal Weizen,New York,27/01/24
Shreyash,ShreyashNewyorklager,North American Lager,Krystal Weizen,New York,05/02/24
Shreyash,ShreyashNewyorklager,North American Lager,Krystal Weizen,New York,23/02/24
Shreyash,ShreyashNewyorklager,North American Lager,Krystal Weizen,New York,07/03/24
Shreyash,ShreyashNewyorklager,North American Lager,Krystal Weizen,New York,06/02/24
Shreyash,ShreyashNewyorklager,North American Lager,Krystal Weizen,New York,23/02/24
Shreyash,ShreyashNewyorklager,North American Lager,Krystal Weizen,New York,08/02/24
Shreyash,ShreyashNewyorklager,North American Lager,Krystal Weizen,New York,27/02/24
Shreyash,ShreyashNewyorklager,North American Lager,Krystal Weizen,New York,28/01/24
Shreyash,ShreyashNewyorklager,North American Lager,Krystal Weizen,New York,23/01/24
Shreyash,ShreyashNewyorklager,North American Lager,Krystal Weizen,New York,14/02/24
Shreyash,ShreyashNewyorklager,North American Lager,Krystal Weizen,New York,23/02/24
Shreyash,ShreyashNewyorklager,North American Lager,Krystal Weizen,New York,03/02/24
Shreyash,ShreyashNewyorklager,North American Lager,Krystal Weizen,New York,27/01/24
Shreyash,ShreyashNewyorklager,North American Lager,Krystal Weizen,New York,05/03/24
Shreyash,ShreyashNewyorklager,North American Lager,Krystal Weizen,New York,04/01/24
Shreyash,ShreyashNewyorklager,North American Lager,Krystal Weizen,New York,02/01/24
Shreyash,ShreyashNewyorklager,North American Lager,Krystal Weizen,New York,04/01/24
Shreyash,ShreyashNewyorklager,North American Lager,Krystal Weizen,New York,30/01/24
Shreyash,ShreyashNewyorklager,North American Lager,Krystal Weizen,New York,20/02/24
Shreyash,ShreyashNewyorklager,North American Lager,Krystal Weizen,New York,17/01/24
Shreyash,ShreyashNewyorklager,North American Lager,Krystal Weizen,New York,25/01/24
Shreyash,ShreyashNewyorklager,North American Lager,Krystal Weizen,New York,02/02/24
Shreyash,ShreyashNewyorklager,North American Lager,Krystal Weizen,New York,20/02/24
Shreyash,ShreyashNewyorklager,North American Lager,Krystal Weizen,New York,21/02/24
Shreyash,ShreyashNewyorklager,North American Lager,Krystal Weizen,New York,20/01/24
Shreyash,ShreyashNewyorklager,North American Lager,Krystal Weizen,New York,16/01/24
Shreyash,ShreyashNewyorklager,North American Lager,Krystal Weizen,New York,17/02/24
Shreyash,ShreyashNewyorklager,North American Lager,Krystal Weizen,New York,25/02/24
Shreyash,ShreyashNewyorklager,North American Lager,Krystal Weizen,New York,24/01/24
Shreyash,ShreyashNewyorklager,North American Lager,Old Seattle Lager,New York,28/02/24
Shreyash,ShreyashNewyorklager,North American Lager,Old Seattle Lager,New York,06/03/24
Shreyash,ShreyashNewyorklager,North American Lager,Old Seattle Lager,New York,06/03/24
Shreyash,ShreyashNewyorklager,North American Lager,Old Seattle Lager,New York,11/03/24
Shreyash,ShreyashNewyorklager,North American Lager,Old Seattle Lager,New York,26/02/24
Shreyash,ShreyashNewyorklager,North American Lager,Old Seattle Lager,New York,21/02/24
Shreyash,ShreyashNewyorklager,North American Lager,Old Seattle Lager,New York,29/01/24
Shreyash,ShreyashNewyorklager,North American Lager,Old Seattle Lager,New York,08/03/24
Shreyash,ShreyashNewyorklager,North American Lager,Old Seattle Lager,New York,19/01/24
Shreyash,ShreyashNewyorklager,North American Lager,Old Seattle Lager,New York,27/01/24
Shreyash,ShreyashNewyorklager,North American Lager,Old Seattle Lager,New York,23/01/24
Shreyash,ShreyashNewyorklager,North American Lager,Old Seattle Lager,New York,08/02/24
Shreyash,ShreyashNewyorklager,North American Lager,Old Seattle Lager,New York,22/01/24
Shreyash,ShreyashNewyorklager,North American Lager,Old Seattle Lager,New York,19/02/24
Shreyash,ShreyashNewyorklager,North American Lager,Old Seattle Lager,New York,17/01/24
Shreyash,ShreyashNewyorklager,North American Lager,Old Seattle Lager,New York,29/01/24
Shreyash,ShreyashNewyorklager,North American Lager,Old Seattle Lager,New York,03/02/24
Shreyash,ShreyashNewyorklager,North American Lager,Old Seattle Lager,New York,12/01/24
Shreyash,ShreyashNewyorklager,North American Lager,Old Seattle Lager,New York,11/02/24
Shreyash,ShreyashNewyorklager,North American Lager,Old Seattle Lager,New York,15/01/24
Shreyash,ShreyashNewyorklager,North American Lager,Old Seattle Lager,New York,03/03/24
Shreyash,ShreyashNewyorklager,North American Lager,Old Seattle Lager,New York,28/01/24
Shreyash,ShreyashNewyorklager,North American Lager,Old Seattle Lager,New York,14/03/24
Shreyash,ShreyashNewyorklager,North American Lager,Old Seattle Lager,New York,14/03/24
Shreyash,ShreyashNewyorklager,North American Lager,Old Seattle Lager,New York,20/02/24
Shreyash,ShreyashNewyorklager,North American Lager,Old Seattle Lager,New York,20/01/24
Shreyash,ShreyashNewyorklager,North American Lager,Old Seattle Lager,New York,20/01/24
Shreyash,ShreyashNewyorklager,North American Lager,Old Seattle Lager,New York,05/02/24
Shreyash,ShreyashNewyorklager,North American Lager,Old Seattle Lager,New York,08/02/24
Shreyash,ShreyashNewyorklager,North American Lager,Old Seattle Lager,New York,08/02/24
Shreyash,ShreyashNewyorklager,North American Lager,Foster Child Australian Lager,New York,03/02/24
Shreyash,ShreyashNewyorklager,North American Lager,Foster Child Australian Lager,New York,18/02/24
Shreyash,ShreyashNewyorklager,North American Lager,Foster Child Australian Lager,New York,14/02/24
Shreyash,ShreyashNewyorklager,North American Lager,Foster Child Australian Lager,New York,09/03/24
Shreyash,ShreyashNewyorklager,North American Lager,Foster Child Australian Lager,New York,07/02/24
Shreyash,ShreyashNewyorklager,North American Lager,Foster Child Australian Lager,New York,04/03/24
Shreyash,ShreyashNewyorklager,North American Lager,Foster Child Australian Lager,New York,01/02/24
Shreyash,ShreyashNewyorklager,North American Lager,Foster Child Australian Lager,New York,02/01/24
Shreyash,ShreyashNewyorklager,North American Lager,Foster Child Australian Lager,New York,25/01/24
Shreyash,ShreyashNewyorklager,North American Lager,Foster Child Australian Lager,New York,02/02/24
Shreyash,ShreyashNewyorklager,North American Lager,Del Rio Lager,New York,23/02/24
Shreyash,ShreyashNewyorklager,North American Lager,Del Rio Lager,New York,15/01/24
Shreyash,ShreyashNewyorklager,North American Lager,Del Rio Lager,New York,03/03/24
Shreyash,ShreyashNewyorklager,North American Lager,Del Rio Lager,New York,31/01/24
Shreyash,ShreyashNewyorklager,North American Lager,Del Rio Lager,New York,15/03/24
Shreyash,ShreyashNewyorklager,North American Lager,Blind Pig Dunkelweizen,New York,04/01/24
Shreyash,ShreyashNewyorklager,North American Lager,Blind Pig Dunkelweizen,New York,19/02/24
Shreyash,ShreyashNewyorklager,North American Lager,Blind Pig Dunkelweizen,New York,10/03/24
Shreyash,ShreyashNewyorklager,North American Lager,Blind Pig Dunkelweizen,New York,08/02/24
Shreyash,ShreyashNewyorklager,North American Lager,Blind Pig Dunkelweizen,New York,15/02/24
